image,label
canadaojp_2016_05_01_002959.jpg,0
canadaojp_2016_05_01_005959.jpg,0
canadaojp_2016_05_01_012959.jpg,0
canadaojp_2016_05_01_015959.jpg,0
canadaojp_2016_05_01_022959.jpg,0
canadaojp_2016_05_01_025959.jpg,0
canadaojp_2016_05_01_032959.jpg,0
canadaojp_2016_05_01_035958.jpg,0
canadaojp_2016_05_01_042959.jpg,0
canadaojp_2016_05_01_045959.jpg,0
canadaojp_2016_05_01_052959.jpg,1
canadaojp_2016_05_01_055959.jpg,1
canadaojp_2016_05_01_062959.jpg,1
canadaojp_2016_05_01_065959.jpg,1
canadaojp_2016_05_01_072959.jpg,1
canadaojp_2016_05_01_075959.jpg,1
canadaojp_2016_05_01_082959.jpg,1
canadaojp_2016_05_01_085959.jpg,1
canadaojp_2016_05_01_092959.jpg,1
canadaojp_2016_05_01_095959.jpg,1
canadaojp_2016_05_01_102958.jpg,1
canadaojp_2016_05_01_105959.jpg,1
canadaojp_2016_05_01_112959.jpg,1
canadaojp_2016_05_01_115959.jpg,1
canadaojp_2016_05_01_122959.jpg,1
canadaojp_2016_05_01_125959.jpg,1
canadaojp_2016_05_01_132959.jpg,1
canadaojp_2016_05_01_135959.jpg,1
canadaojp_2016_05_01_142959.jpg,1
canadaojp_2016_05_01_145959.jpg,1
canadaojp_2016_05_01_152959.jpg,1
canadaojp_2016_05_01_155959.jpg,1
canadaojp_2016_05_01_162959.jpg,1
canadaojp_2016_05_01_165958.jpg,1
canadaojp_2016_05_01_172959.jpg,1
canadaojp_2016_05_01_175959.jpg,1
canadaojp_2016_05_01_182959.jpg,1
canadaojp_2016_05_01_185959.jpg,1
canadaojp_2016_05_01_192959.jpg,1
canadaojp_2016_05_01_195959.jpg,1
canadaojp_2016_05_01_202959.jpg,1
canadaojp_2016_05_01_205959.jpg,1
canadaojp_2016_05_01_212959.jpg,0
canadaojp_2016_05_01_215959.jpg,0
canadaojp_2016_05_01_222959.jpg,0
canadaojp_2016_05_01_225959.jpg,0
canadaojp_2016_05_01_232958.jpg,0
canadaojp_2016_05_01_235959.jpg,0
canadaojp_2016_05_02_002959.jpg,0
canadaojp_2016_05_02_005959.jpg,0
canadaojp_2016_05_02_012959.jpg,0
canadaojp_2016_05_02_015959.jpg,0
canadaojp_2016_05_02_022959.jpg,0
canadaojp_2016_05_02_025959.jpg,0
canadaojp_2016_05_02_032959.jpg,0
canadaojp_2016_05_02_035959.jpg,0
canadaojp_2016_05_02_042959.jpg,0
canadaojp_2016_05_02_045958.jpg,1
canadaojp_2016_05_02_052959.jpg,1
canadaojp_2016_05_02_055958.jpg,1
canadaojp_2016_05_02_062959.jpg,1
canadaojp_2016_05_02_065959.jpg,1
canadaojp_2016_05_02_072959.jpg,1
canadaojp_2016_05_02_075959.jpg,1
canadaojp_2016_05_02_082959.jpg,1
canadaojp_2016_05_02_085959.jpg,1
canadaojp_2016_05_02_092959.jpg,1
canadaojp_2016_05_02_095959.jpg,1
canadaojp_2016_05_02_102959.jpg,1
canadaojp_2016_05_02_105959.jpg,1
canadaojp_2016_05_02_112958.jpg,1
canadaojp_2016_05_02_115959.jpg,1
canadaojp_2016_05_02_122959.jpg,1
canadaojp_2016_05_02_125959.jpg,1
canadaojp_2016_05_02_132959.jpg,1
canadaojp_2016_05_02_135959.jpg,1
canadaojp_2016_05_02_142959.jpg,1
canadaojp_2016_05_02_145959.jpg,1
canadaojp_2016_05_02_152959.jpg,1
canadaojp_2016_05_02_155959.jpg,1
canadaojp_2016_05_02_162959.jpg,1
canadaojp_2016_05_02_165959.jpg,1
canadaojp_2016_05_02_172959.jpg,1
canadaojp_2016_05_02_175958.jpg,1
canadaojp_2016_05_02_182959.jpg,1
canadaojp_2016_05_02_185959.jpg,1
canadaojp_2016_05_02_192959.jpg,1
canadaojp_2016_05_02_195959.jpg,1
canadaojp_2016_05_02_202959.jpg,1
canadaojp_2016_05_02_205959.jpg,1
canadaojp_2016_05_02_212959.jpg,0
canadaojp_2016_05_02_215959.jpg,0
canadaojp_2016_05_02_222959.jpg,0
canadaojp_2016_05_02_225959.jpg,0
canadaojp_2016_05_02_232959.jpg,0
canadaojp_2016_05_02_235959.jpg,0
canadaojp_2016_05_03_002958.jpg,0
canadaojp_2016_05_03_005959.jpg,0
canadaojp_2016_05_03_012959.jpg,0
canadaojp_2016_05_03_015959.jpg,0
canadaojp_2016_05_03_022959.jpg,0
canadaojp_2016_05_03_025959.jpg,0
canadaojp_2016_05_03_032959.jpg,0
canadaojp_2016_05_03_035959.jpg,0
canadaojp_2016_05_03_042959.jpg,0
canadaojp_2016_05_03_045959.jpg,1
canadaojp_2016_05_03_052959.jpg,1
canadaojp_2016_05_03_055959.jpg,1
canadaojp_2016_05_03_062959.jpg,1
canadaojp_2016_05_03_065958.jpg,1
canadaojp_2016_05_03_072959.jpg,1
canadaojp_2016_05_03_075959.jpg,1
canadaojp_2016_05_03_082959.jpg,1
canadaojp_2016_05_03_085959.jpg,1
canadaojp_2016_05_03_092959.jpg,1
canadaojp_2016_05_03_095959.jpg,1
canadaojp_2016_05_03_102959.jpg,1
canadaojp_2016_05_03_105959.jpg,1
canadaojp_2016_05_03_112959.jpg,1
canadaojp_2016_05_03_115959.jpg,1
canadaojp_2016_05_03_122959.jpg,1
canadaojp_2016_05_03_125959.jpg,1
canadaojp_2016_05_03_132958.jpg,1
canadaojp_2016_05_03_135959.jpg,1
canadaojp_2016_05_03_142959.jpg,1
canadaojp_2016_05_03_145959.jpg,1
canadaojp_2016_05_03_152959.jpg,1
canadaojp_2016_05_03_155959.jpg,1
canadaojp_2016_05_03_162959.jpg,1
canadaojp_2016_05_03_165959.jpg,1
canadaojp_2016_05_03_172959.jpg,1
canadaojp_2016_05_03_175959.jpg,1
canadaojp_2016_05_03_182959.jpg,1
canadaojp_2016_05_03_185959.jpg,1
canadaojp_2016_05_03_192959.jpg,1
canadaojp_2016_05_03_195958.jpg,1
canadaojp_2016_05_03_202959.jpg,1
canadaojp_2016_05_03_205959.jpg,1
canadaojp_2016_05_03_212959.jpg,0
canadaojp_2016_05_03_215959.jpg,0
canadaojp_2016_05_03_222959.jpg,0
canadaojp_2016_05_03_225959.jpg,0
canadaojp_2016_05_03_232959.jpg,0
canadaojp_2016_05_03_235959.jpg,0
canadaojp_2016_05_04_002959.jpg,0
canadaojp_2016_05_04_005959.jpg,0
canadaojp_2016_05_04_012959.jpg,0
canadaojp_2016_05_04_015959.jpg,0
canadaojp_2016_05_04_022958.jpg,0
canadaojp_2016_05_04_025959.jpg,0
canadaojp_2016_05_04_032959.jpg,0
canadaojp_2016_05_04_035959.jpg,0
canadaojp_2016_05_04_042959.jpg,0
canadaojp_2016_05_04_045959.jpg,1
canadaojp_2016_05_04_052959.jpg,1
canadaojp_2016_05_04_055959.jpg,1
canadaojp_2016_05_04_062959.jpg,1
canadaojp_2016_05_04_065959.jpg,1
canadaojp_2016_05_04_072959.jpg,1
canadaojp_2016_05_04_075959.jpg,1
canadaojp_2016_05_04_082959.jpg,1
canadaojp_2016_05_04_085958.jpg,1
canadaojp_2016_05_04_092959.jpg,1
canadaojp_2016_05_04_095959.jpg,1
canadaojp_2016_05_04_102959.jpg,1
canadaojp_2016_05_04_105959.jpg,1
canadaojp_2016_05_04_112959.jpg,1
canadaojp_2016_05_04_115959.jpg,1
canadaojp_2016_05_04_122959.jpg,1
canadaojp_2016_05_04_125959.jpg,1
canadaojp_2016_05_04_132959.jpg,1
canadaojp_2016_05_04_135959.jpg,1
canadaojp_2016_05_04_142959.jpg,1
canadaojp_2016_05_04_145959.jpg,1
canadaojp_2016_05_04_152958.jpg,1
canadaojp_2016_05_04_155959.jpg,1
canadaojp_2016_05_04_162959.jpg,1
canadaojp_2016_05_04_165959.jpg,1
canadaojp_2016_05_04_172959.jpg,1
canadaojp_2016_05_04_175959.jpg,1
canadaojp_2016_05_04_182959.jpg,1
canadaojp_2016_05_04_185959.jpg,1
canadaojp_2016_05_04_192959.jpg,1
canadaojp_2016_05_04_195959.jpg,1
canadaojp_2016_05_04_202959.jpg,1
canadaojp_2016_05_04_205958.jpg,1
canadaojp_2016_05_04_212959.jpg,0
canadaojp_2016_05_04_215958.jpg,0
canadaojp_2016_05_04_222959.jpg,0
canadaojp_2016_05_04_225959.jpg,0
canadaojp_2016_05_04_232959.jpg,0
canadaojp_2016_05_04_235959.jpg,0
canadaojp_2016_05_05_002959.jpg,0
canadaojp_2016_05_05_005959.jpg,0
canadaojp_2016_05_05_012959.jpg,0
canadaojp_2016_05_05_015959.jpg,0
canadaojp_2016_05_05_022959.jpg,0
canadaojp_2016_05_05_025959.jpg,0
canadaojp_2016_05_05_032958.jpg,0
canadaojp_2016_05_05_035959.jpg,0
canadaojp_2016_05_05_042959.jpg,0
canadaojp_2016_05_05_045959.jpg,1
canadaojp_2016_05_05_052959.jpg,1
canadaojp_2016_05_05_055959.jpg,1
canadaojp_2016_05_05_062959.jpg,1
canadaojp_2016_05_05_065959.jpg,1
canadaojp_2016_05_05_072959.jpg,1
canadaojp_2016_05_05_075959.jpg,1
canadaojp_2016_05_05_082959.jpg,1
canadaojp_2016_05_05_085959.jpg,1
canadaojp_2016_05_05_092959.jpg,1
canadaojp_2016_05_05_095958.jpg,1
canadaojp_2016_05_05_102959.jpg,1
canadaojp_2016_05_05_105959.jpg,1
canadaojp_2016_05_05_112959.jpg,1
canadaojp_2016_05_05_115959.jpg,1
canadaojp_2016_05_05_122959.jpg,1
canadaojp_2016_05_05_125959.jpg,1
canadaojp_2016_05_05_132959.jpg,1
canadaojp_2016_05_05_150001.jpg,1
canadaojp_2016_05_05_153001.jpg,1
canadaojp_2016_05_05_160000.jpg,1
canadaojp_2016_05_05_163001.jpg,1
canadaojp_2016_05_05_170000.jpg,1
canadaojp_2016_05_05_173001.jpg,1
canadaojp_2016_05_05_180000.jpg,1
canadaojp_2016_05_05_183001.jpg,1
canadaojp_2016_05_05_190000.jpg,1
canadaojp_2016_05_05_193000.jpg,1
canadaojp_2016_05_05_200000.jpg,1
canadaojp_2016_05_05_203000.jpg,1
canadaojp_2016_05_05_210000.jpg,1
canadaojp_2016_05_05_213000.jpg,0
canadaojp_2016_05_05_220001.jpg,0
canadaojp_2016_05_05_223000.jpg,0
canadaojp_2016_05_05_230001.jpg,0
canadaojp_2016_05_05_233000.jpg,0
canadaojp_2016_05_06_000001.jpg,0
canadaojp_2016_05_06_003000.jpg,0
canadaojp_2016_05_06_010000.jpg,0
canadaojp_2016_05_06_013000.jpg,0
canadaojp_2016_05_06_020000.jpg,0
canadaojp_2016_05_06_023000.jpg,0
canadaojp_2016_05_06_030000.jpg,0
canadaojp_2016_05_06_033000.jpg,0
canadaojp_2016_05_06_040000.jpg,0
canadaojp_2016_05_06_043001.jpg,0
canadaojp_2016_05_06_050000.jpg,1
canadaojp_2016_05_06_053001.jpg,1
canadaojp_2016_05_06_060000.jpg,1
canadaojp_2016_05_06_063001.jpg,1
canadaojp_2016_05_06_070000.jpg,1
canadaojp_2016_05_06_073000.jpg,1
canadaojp_2016_05_06_080000.jpg,1
canadaojp_2016_05_06_083000.jpg,1
canadaojp_2016_05_06_090000.jpg,1
canadaojp_2016_05_06_093000.jpg,1
canadaojp_2016_05_06_100000.jpg,1
canadaojp_2016_05_06_103000.jpg,1
canadaojp_2016_05_06_110001.jpg,1
canadaojp_2016_05_06_113000.jpg,1
canadaojp_2016_05_06_120001.jpg,1
canadaojp_2016_05_06_123000.jpg,1
canadaojp_2016_05_06_130001.jpg,1
canadaojp_2016_05_06_133000.jpg,1
canadaojp_2016_05_06_140000.jpg,1
canadaojp_2016_05_06_143000.jpg,1
canadaojp_2016_05_06_150000.jpg,1
canadaojp_2016_05_06_153000.jpg,1
canadaojp_2016_05_06_160000.jpg,1
canadaojp_2016_05_06_163000.jpg,1
canadaojp_2016_05_06_170000.jpg,1
canadaojp_2016_05_06_173001.jpg,1
canadaojp_2016_05_06_180000.jpg,1
canadaojp_2016_05_06_183001.jpg,1
canadaojp_2016_05_06_190000.jpg,1
canadaojp_2016_05_06_193001.jpg,1
canadaojp_2016_05_06_200000.jpg,1
canadaojp_2016_05_06_203000.jpg,1
canadaojp_2016_05_06_210000.jpg,1
canadaojp_2016_05_06_213000.jpg,0
canadaojp_2016_05_06_220000.jpg,0
canadaojp_2016_05_06_223000.jpg,0
canadaojp_2016_05_06_230001.jpg,0
canadaojp_2016_05_06_233000.jpg,0
canadaojp_2016_05_07_000001.jpg,0
canadaojp_2016_05_07_003000.jpg,0
canadaojp_2016_05_07_010001.jpg,0
canadaojp_2016_05_07_013000.jpg,0
canadaojp_2016_05_07_020001.jpg,0
canadaojp_2016_05_07_023000.jpg,0
canadaojp_2016_05_07_030000.jpg,0
canadaojp_2016_05_07_033000.jpg,0
canadaojp_2016_05_07_040000.jpg,0
canadaojp_2016_05_07_043000.jpg,0
canadaojp_2016_05_07_050000.jpg,1
canadaojp_2016_05_07_053001.jpg,1
canadaojp_2016_05_07_060000.jpg,1
canadaojp_2016_05_07_063001.jpg,1
canadaojp_2016_05_07_070000.jpg,1
canadaojp_2016_05_07_073001.jpg,1
canadaojp_2016_05_07_080000.jpg,1
canadaojp_2016_05_07_083001.jpg,1
canadaojp_2016_05_07_090000.jpg,1
canadaojp_2016_05_07_093000.jpg,1
canadaojp_2016_05_07_100000.jpg,1
canadaojp_2016_05_07_103000.jpg,1
canadaojp_2016_05_07_110000.jpg,1
canadaojp_2016_05_07_113000.jpg,1
canadaojp_2016_05_07_120001.jpg,1
canadaojp_2016_05_07_123000.jpg,1
canadaojp_2016_05_07_130001.jpg,1
canadaojp_2016_05_07_133000.jpg,1
canadaojp_2016_05_07_140001.jpg,1
canadaojp_2016_05_07_143000.jpg,1
canadaojp_2016_05_07_150001.jpg,1
canadaojp_2016_05_07_153000.jpg,1
canadaojp_2016_05_07_160000.jpg,1
canadaojp_2016_05_07_163000.jpg,1
canadaojp_2016_05_07_170000.jpg,1
canadaojp_2016_05_07_173000.jpg,1
canadaojp_2016_05_07_180000.jpg,1
canadaojp_2016_05_07_183001.jpg,1
canadaojp_2016_05_07_190000.jpg,1
canadaojp_2016_05_07_193001.jpg,1
canadaojp_2016_05_07_200000.jpg,1
canadaojp_2016_05_07_203001.jpg,1
canadaojp_2016_05_07_210000.jpg,1
canadaojp_2016_05_07_213001.jpg,0
canadaojp_2016_05_07_220000.jpg,0
canadaojp_2016_05_07_223000.jpg,0
canadaojp_2016_05_07_230000.jpg,0
canadaojp_2016_05_07_233000.jpg,0
canadaojp_2016_05_08_000000.jpg,0
canadaojp_2016_05_08_003000.jpg,0
canadaojp_2016_05_08_010001.jpg,0
canadaojp_2016_05_08_013000.jpg,0
canadaojp_2016_05_08_020001.jpg,0
canadaojp_2016_05_08_023000.jpg,0
canadaojp_2016_05_08_030001.jpg,0
canadaojp_2016_05_08_033000.jpg,0
canadaojp_2016_05_08_040000.jpg,0
canadaojp_2016_05_08_043000.jpg,0
canadaojp_2016_05_08_050000.jpg,1
canadaojp_2016_05_08_053000.jpg,1
canadaojp_2016_05_08_060000.jpg,1
canadaojp_2016_05_08_063000.jpg,1
canadaojp_2016_05_08_070000.jpg,1
canadaojp_2016_05_08_073001.jpg,1
canadaojp_2016_05_08_080000.jpg,1
canadaojp_2016_05_08_083001.jpg,1
canadaojp_2016_05_08_090000.jpg,1
canadaojp_2016_05_08_093001.jpg,1
canadaojp_2016_05_08_100000.jpg,1
canadaojp_2016_05_08_103000.jpg,1
canadaojp_2016_05_08_110000.jpg,1
canadaojp_2016_05_08_113000.jpg,1
canadaojp_2016_05_08_120000.jpg,1
canadaojp_2016_05_08_123000.jpg,1
canadaojp_2016_05_08_130000.jpg,1
canadaojp_2016_05_08_133000.jpg,1
canadaojp_2016_05_08_140001.jpg,1
canadaojp_2016_05_08_143000.jpg,1
canadaojp_2016_05_08_150001.jpg,1
canadaojp_2016_05_08_153000.jpg,1
canadaojp_2016_05_08_160001.jpg,1
canadaojp_2016_05_08_163000.jpg,1
canadaojp_2016_05_08_170000.jpg,1
canadaojp_2016_05_08_173000.jpg,1
canadaojp_2016_05_08_180000.jpg,1
canadaojp_2016_05_08_183000.jpg,1
canadaojp_2016_05_08_190000.jpg,1
canadaojp_2016_05_08_193000.jpg,1
canadaojp_2016_05_08_200000.jpg,1
canadaojp_2016_05_08_203001.jpg,1
canadaojp_2016_05_08_210000.jpg,1
canadaojp_2016_05_08_213001.jpg,0
canadaojp_2016_05_08_220000.jpg,0
canadaojp_2016_05_08_223001.jpg,0
canadaojp_2016_05_08_230000.jpg,0
canadaojp_2016_05_08_233000.jpg,0
canadaojp_2016_05_09_000000.jpg,0
canadaojp_2016_05_09_003000.jpg,0
canadaojp_2016_05_09_010000.jpg,0
canadaojp_2016_05_09_013000.jpg,0
canadaojp_2016_05_09_020000.jpg,0
canadaojp_2016_05_09_023000.jpg,0
canadaojp_2016_05_09_030001.jpg,0
canadaojp_2016_05_09_033000.jpg,0
canadaojp_2016_05_09_040001.jpg,0
canadaojp_2016_05_09_043000.jpg,0
canadaojp_2016_05_09_050001.jpg,1
canadaojp_2016_05_09_053000.jpg,1
canadaojp_2016_05_09_060000.jpg,1
canadaojp_2016_05_09_063000.jpg,1
canadaojp_2016_05_09_070000.jpg,1
canadaojp_2016_05_09_073000.jpg,1
canadaojp_2016_05_09_080000.jpg,1
canadaojp_2016_05_09_083000.jpg,1
canadaojp_2016_05_09_090000.jpg,1
canadaojp_2016_05_09_093001.jpg,1
canadaojp_2016_05_09_100000.jpg,1
canadaojp_2016_05_09_103001.jpg,1
canadaojp_2016_05_09_110000.jpg,1
canadaojp_2016_05_09_113001.jpg,1
canadaojp_2016_05_09_120000.jpg,1
canadaojp_2016_05_09_123000.jpg,1
canadaojp_2016_05_09_130000.jpg,1
canadaojp_2016_05_09_133000.jpg,1
canadaojp_2016_05_09_140000.jpg,1
canadaojp_2016_05_09_143000.jpg,1
canadaojp_2016_05_09_150001.jpg,1
canadaojp_2016_05_09_153000.jpg,1
canadaojp_2016_05_09_160001.jpg,1
canadaojp_2016_05_09_163000.jpg,1
canadaojp_2016_05_09_170001.jpg,1
canadaojp_2016_05_09_173000.jpg,1
canadaojp_2016_05_09_180001.jpg,1
canadaojp_2016_05_09_183000.jpg,1
canadaojp_2016_05_09_190000.jpg,1
canadaojp_2016_05_09_193000.jpg,1
canadaojp_2016_05_09_200000.jpg,1
canadaojp_2016_05_09_203000.jpg,1
canadaojp_2016_05_09_210000.jpg,1
canadaojp_2016_05_09_213001.jpg,0
canadaojp_2016_05_09_220000.jpg,0
canadaojp_2016_05_09_223001.jpg,0
canadaojp_2016_05_09_230000.jpg,0
canadaojp_2016_05_09_233001.jpg,0
canadaojp_2016_05_10_000000.jpg,0
canadaojp_2016_05_10_003001.jpg,0
canadaojp_2016_05_10_010000.jpg,0
canadaojp_2016_05_10_013000.jpg,0
canadaojp_2016_05_10_020000.jpg,0
canadaojp_2016_05_10_023000.jpg,0
canadaojp_2016_05_10_030000.jpg,0
canadaojp_2016_05_10_033000.jpg,0
canadaojp_2016_05_10_040001.jpg,0
canadaojp_2016_05_10_043000.jpg,0
canadaojp_2016_05_10_050001.jpg,1
canadaojp_2016_05_10_053000.jpg,1
canadaojp_2016_05_10_060001.jpg,1
canadaojp_2016_05_10_063000.jpg,1
canadaojp_2016_05_10_070001.jpg,1
canadaojp_2016_05_10_073000.jpg,1
canadaojp_2016_05_10_080000.jpg,1
canadaojp_2016_05_10_083000.jpg,1
canadaojp_2016_05_10_090000.jpg,1
canadaojp_2016_05_10_093000.jpg,1
canadaojp_2016_05_10_100000.jpg,1
canadaojp_2016_05_10_103001.jpg,1
canadaojp_2016_05_10_110000.jpg,1
canadaojp_2016_05_10_113001.jpg,1
canadaojp_2016_05_10_120000.jpg,1
canadaojp_2016_05_10_123001.jpg,1
canadaojp_2016_05_10_130000.jpg,1
canadaojp_2016_05_10_133001.jpg,1
canadaojp_2016_05_10_140000.jpg,1
canadaojp_2016_05_10_143000.jpg,1
canadaojp_2016_05_10_150000.jpg,1
canadaojp_2016_05_10_153000.jpg,1
canadaojp_2016_05_10_160000.jpg,1
canadaojp_2016_05_10_163000.jpg,1
canadaojp_2016_05_10_170001.jpg,1
canadaojp_2016_05_10_173000.jpg,1
canadaojp_2016_05_10_180001.jpg,1
canadaojp_2016_05_10_183000.jpg,1
canadaojp_2016_05_10_190001.jpg,1
canadaojp_2016_05_10_193000.jpg,1
canadaojp_2016_05_10_200001.jpg,1
canadaojp_2016_05_10_203000.jpg,1
canadaojp_2016_05_10_210000.jpg,0
canadaojp_2016_05_10_213000.jpg,0
canadaojp_2016_05_10_220000.jpg,0
canadaojp_2016_05_10_223000.jpg,0
canadaojp_2016_05_10_230000.jpg,0
canadaojp_2016_05_10_233001.jpg,0
canadaojp_2016_05_11_000000.jpg,0
canadaojp_2016_05_11_003001.jpg,0
canadaojp_2016_05_11_010000.jpg,0
canadaojp_2016_05_11_013001.jpg,0
canadaojp_2016_05_11_020000.jpg,0
canadaojp_2016_05_11_023000.jpg,0
canadaojp_2016_05_11_030000.jpg,0
canadaojp_2016_05_11_033000.jpg,0
canadaojp_2016_05_11_040000.jpg,0
canadaojp_2016_05_11_043000.jpg,0
canadaojp_2016_05_11_050000.jpg,1
canadaojp_2016_05_11_053000.jpg,1
canadaojp_2016_05_11_060001.jpg,1
canadaojp_2016_05_11_063000.jpg,1
canadaojp_2016_05_11_070001.jpg,2
canadaojp_2016_05_11_073000.jpg,2
canadaojp_2016_05_11_080001.jpg,2
canadaojp_2016_05_11_083000.jpg,2
canadaojp_2016_05_11_090000.jpg,2
canadaojp_2016_05_11_093000.jpg,2
canadaojp_2016_05_11_100000.jpg,2
canadaojp_2016_05_11_103000.jpg,2
canadaojp_2016_05_11_110000.jpg,2
canadaojp_2016_05_11_113000.jpg,2
canadaojp_2016_05_11_120000.jpg,2
canadaojp_2016_05_11_123001.jpg,2
canadaojp_2016_05_11_130000.jpg,2
canadaojp_2016_05_11_133001.jpg,2
canadaojp_2016_05_11_140000.jpg,2
canadaojp_2016_05_11_143001.jpg,2
canadaojp_2016_05_11_150000.jpg,2
canadaojp_2016_05_11_153000.jpg,2
canadaojp_2016_05_11_160000.jpg,2
canadaojp_2016_05_11_163000.jpg,2
canadaojp_2016_05_11_170000.jpg,2
canadaojp_2016_05_11_173000.jpg,2
canadaojp_2016_05_11_180000.jpg,2
canadaojp_2016_05_11_183000.jpg,2
canadaojp_2016_05_11_190001.jpg,2
canadaojp_2016_05_11_193000.jpg,2
canadaojp_2016_05_11_200001.jpg,2
canadaojp_2016_05_11_203000.jpg,2
canadaojp_2016_05_11_210001.jpg,2
canadaojp_2016_05_11_213000.jpg,0
canadaojp_2016_05_11_220000.jpg,0
canadaojp_2016_05_11_223000.jpg,0
canadaojp_2016_05_11_230000.jpg,0
canadaojp_2016_05_11_233000.jpg,0
canadaojp_2016_05_12_000000.jpg,0
canadaojp_2016_05_12_003000.jpg,0
canadaojp_2016_05_12_010000.jpg,0
canadaojp_2016_05_12_013001.jpg,0
canadaojp_2016_05_12_020000.jpg,0
canadaojp_2016_05_12_023001.jpg,0
canadaojp_2016_05_12_030000.jpg,0
canadaojp_2016_05_12_033001.jpg,0
canadaojp_2016_05_12_040000.jpg,0
canadaojp_2016_05_12_043000.jpg,0
canadaojp_2016_05_12_050000.jpg,2
canadaojp_2016_05_12_053000.jpg,2
canadaojp_2016_05_12_060000.jpg,2
canadaojp_2016_05_12_063000.jpg,2
canadaojp_2016_05_12_070001.jpg,2
canadaojp_2016_05_12_073000.jpg,2
canadaojp_2016_05_12_080001.jpg,2
canadaojp_2016_05_12_083000.jpg,2
canadaojp_2016_05_12_090001.jpg,2
canadaojp_2016_05_12_093000.jpg,2
canadaojp_2016_05_12_100001.jpg,2
canadaojp_2016_05_12_103000.jpg,2
canadaojp_2016_05_12_110000.jpg,2
canadaojp_2016_05_12_113000.jpg,2
canadaojp_2016_05_12_120000.jpg,2
canadaojp_2016_05_12_123000.jpg,2
canadaojp_2016_05_12_130000.jpg,2
canadaojp_2016_05_12_133001.jpg,2
canadaojp_2016_05_12_140000.jpg,2
canadaojp_2016_05_12_143001.jpg,2
canadaojp_2016_05_12_150000.jpg,2
canadaojp_2016_05_12_153001.jpg,2
canadaojp_2016_05_12_160000.jpg,2
canadaojp_2016_05_12_163001.jpg,2
canadaojp_2016_05_12_170000.jpg,2
canadaojp_2016_05_12_173000.jpg,2
canadaojp_2016_05_12_180000.jpg,2
canadaojp_2016_05_12_183000.jpg,2
canadaojp_2016_05_12_190000.jpg,2
canadaojp_2016_05_12_193000.jpg,2
canadaojp_2016_05_12_200001.jpg,2
canadaojp_2016_05_12_203000.jpg,2
canadaojp_2016_05_12_210001.jpg,2
canadaojp_2016_05_12_213000.jpg,0
canadaojp_2016_05_12_220001.jpg,0
canadaojp_2016_05_12_223000.jpg,0
canadaojp_2016_05_12_230001.jpg,0
canadaojp_2016_05_12_233000.jpg,0
canadaojp_2016_05_13_000000.jpg,0
canadaojp_2016_05_13_003000.jpg,0
canadaojp_2016_05_13_010000.jpg,0
canadaojp_2016_05_13_013000.jpg,0
canadaojp_2016_05_13_020000.jpg,0
canadaojp_2016_05_13_023001.jpg,0
canadaojp_2016_05_13_030000.jpg,0
canadaojp_2016_05_13_033001.jpg,0
canadaojp_2016_05_13_040000.jpg,0
canadaojp_2016_05_13_043001.jpg,0
canadaojp_2016_05_13_050000.jpg,1
canadaojp_2016_05_13_053001.jpg,1
canadaojp_2016_05_13_060000.jpg,1
canadaojp_2016_05_13_063000.jpg,1
canadaojp_2016_05_13_070000.jpg,1
canadaojp_2016_05_13_073000.jpg,1
canadaojp_2016_05_13_080000.jpg,1
canadaojp_2016_05_13_083000.jpg,1
canadaojp_2016_05_13_090001.jpg,1
canadaojp_2016_05_13_093000.jpg,1
canadaojp_2016_05_13_100001.jpg,1
canadaojp_2016_05_13_103000.jpg,1
canadaojp_2016_05_13_110001.jpg,1
canadaojp_2016_05_13_113000.jpg,1
canadaojp_2016_05_13_120001.jpg,1
canadaojp_2016_05_13_123000.jpg,1
canadaojp_2016_05_13_130000.jpg,1
canadaojp_2016_05_13_133000.jpg,1
canadaojp_2016_05_13_140000.jpg,1
canadaojp_2016_05_13_143000.jpg,1
canadaojp_2016_05_13_150000.jpg,1
canadaojp_2016_05_13_153001.jpg,1
canadaojp_2016_05_13_160000.jpg,1
canadaojp_2016_05_13_163001.jpg,1
canadaojp_2016_05_13_170000.jpg,1
canadaojp_2016_05_13_173001.jpg,1
canadaojp_2016_05_13_180000.jpg,1
canadaojp_2016_05_13_183000.jpg,1
canadaojp_2016_05_13_190000.jpg,1
canadaojp_2016_05_13_193000.jpg,1
canadaojp_2016_05_13_200000.jpg,1
canadaojp_2016_05_13_203000.jpg,1
canadaojp_2016_05_13_210000.jpg,1
canadaojp_2016_05_13_213000.jpg,0
canadaojp_2016_05_13_220001.jpg,0
canadaojp_2016_05_13_223000.jpg,0
canadaojp_2016_05_13_230001.jpg,0
canadaojp_2016_05_13_233000.jpg,0
canadaojp_2016_05_14_000001.jpg,0
canadaojp_2016_05_14_003000.jpg,0
canadaojp_2016_05_14_010000.jpg,0
canadaojp_2016_05_14_013000.jpg,0
canadaojp_2016_05_14_020000.jpg,0
canadaojp_2016_05_14_023000.jpg,0
canadaojp_2016_05_14_030000.jpg,0
canadaojp_2016_05_14_033000.jpg,0
canadaojp_2016_05_14_040000.jpg,0
canadaojp_2016_05_14_043001.jpg,1
canadaojp_2016_05_14_050000.jpg,1
canadaojp_2016_05_14_053001.jpg,1
canadaojp_2016_05_14_060000.jpg,1
canadaojp_2016_05_14_063001.jpg,1
canadaojp_2016_05_14_070000.jpg,1
canadaojp_2016_05_14_073000.jpg,1
canadaojp_2016_05_14_080000.jpg,1
canadaojp_2016_05_14_083000.jpg,1
canadaojp_2016_05_14_090000.jpg,1
canadaojp_2016_05_14_093000.jpg,1
canadaojp_2016_05_14_100000.jpg,1
canadaojp_2016_05_14_103000.jpg,1
canadaojp_2016_05_14_110001.jpg,1
canadaojp_2016_05_14_113000.jpg,1
canadaojp_2016_05_14_120001.jpg,1
canadaojp_2016_05_14_123000.jpg,1
canadaojp_2016_05_14_130001.jpg,1
canadaojp_2016_05_14_133000.jpg,1
canadaojp_2016_05_14_140000.jpg,1
canadaojp_2016_05_14_143000.jpg,1
canadaojp_2016_05_14_150000.jpg,1
canadaojp_2016_05_14_153000.jpg,1
canadaojp_2016_05_14_160000.jpg,1
canadaojp_2016_05_14_163001.jpg,1
canadaojp_2016_05_14_170000.jpg,1
canadaojp_2016_05_14_173001.jpg,1
canadaojp_2016_05_14_180000.jpg,1
canadaojp_2016_05_14_183001.jpg,1
canadaojp_2016_05_14_190000.jpg,1
canadaojp_2016_05_14_193001.jpg,1
canadaojp_2016_05_14_200000.jpg,1
canadaojp_2016_05_14_203000.jpg,1
canadaojp_2016_05_14_210000.jpg,1
canadaojp_2016_05_14_213000.jpg,1
canadaojp_2016_05_14_220000.jpg,0
canadaojp_2016_05_14_223000.jpg,0
canadaojp_2016_05_14_230001.jpg,0
canadaojp_2016_05_14_233000.jpg,0
canadaojp_2016_05_15_000001.jpg,0
canadaojp_2016_05_15_003000.jpg,0
canadaojp_2016_05_15_010001.jpg,0
canadaojp_2016_05_15_013000.jpg,0
canadaojp_2016_05_15_020001.jpg,0
canadaojp_2016_05_15_023000.jpg,0
canadaojp_2016_05_15_030000.jpg,0
canadaojp_2016_05_15_033000.jpg,0
canadaojp_2016_05_15_040000.jpg,0
canadaojp_2016_05_15_043000.jpg,1
canadaojp_2016_05_15_050000.jpg,1
canadaojp_2016_05_15_053001.jpg,1
canadaojp_2016_05_15_060000.jpg,1
canadaojp_2016_05_15_063001.jpg,1
canadaojp_2016_05_15_070000.jpg,1
canadaojp_2016_05_15_073001.jpg,1
canadaojp_2016_05_15_080000.jpg,1
canadaojp_2016_05_15_083001.jpg,1
canadaojp_2016_05_15_090000.jpg,1
canadaojp_2016_05_15_093000.jpg,1
canadaojp_2016_05_15_100000.jpg,1
canadaojp_2016_05_15_103000.jpg,1
canadaojp_2016_05_15_110000.jpg,1
canadaojp_2016_05_15_113000.jpg,1
canadaojp_2016_05_15_120001.jpg,1
canadaojp_2016_05_15_123000.jpg,1
canadaojp_2016_05_15_130001.jpg,1
canadaojp_2016_05_15_133000.jpg,1
canadaojp_2016_05_15_140001.jpg,1
canadaojp_2016_05_15_143000.jpg,1
canadaojp_2016_05_15_150001.jpg,1
canadaojp_2016_05_15_153000.jpg,1
canadaojp_2016_05_15_160000.jpg,1
canadaojp_2016_05_15_163000.jpg,1
canadaojp_2016_05_15_170000.jpg,1
canadaojp_2016_05_15_173000.jpg,1
canadaojp_2016_05_15_180000.jpg,1
canadaojp_2016_05_15_183001.jpg,1
canadaojp_2016_05_15_190000.jpg,1
canadaojp_2016_05_15_193001.jpg,1
canadaojp_2016_05_15_200000.jpg,1
canadaojp_2016_05_15_203001.jpg,1
canadaojp_2016_05_15_210000.jpg,1
canadaojp_2016_05_15_213001.jpg,1
canadaojp_2016_05_15_220000.jpg,0
canadaojp_2016_05_15_223000.jpg,0
canadaojp_2016_05_15_230000.jpg,0
canadaojp_2016_05_15_233000.jpg,0
canadaojp_2016_05_16_000000.jpg,0
canadaojp_2016_05_16_003000.jpg,0
canadaojp_2016_05_16_010001.jpg,0
canadaojp_2016_05_16_013000.jpg,0
canadaojp_2016_05_16_020001.jpg,0
canadaojp_2016_05_16_023000.jpg,0
canadaojp_2016_05_16_030001.jpg,0
canadaojp_2016_05_16_033000.jpg,0
canadaojp_2016_05_16_040000.jpg,0
canadaojp_2016_05_16_043000.jpg,1
canadaojp_2016_05_16_050000.jpg,1
canadaojp_2016_05_16_053000.jpg,1
canadaojp_2016_05_16_060000.jpg,1
canadaojp_2016_05_16_063000.jpg,1
canadaojp_2016_05_16_070000.jpg,1
canadaojp_2016_05_16_073001.jpg,1
canadaojp_2016_05_16_080000.jpg,1
canadaojp_2016_05_16_083001.jpg,1
canadaojp_2016_05_16_090000.jpg,1
canadaojp_2016_05_16_093001.jpg,1
canadaojp_2016_05_16_100000.jpg,1
canadaojp_2016_05_16_103000.jpg,1
canadaojp_2016_05_16_110000.jpg,1
canadaojp_2016_05_16_113000.jpg,1
canadaojp_2016_05_16_120000.jpg,1
canadaojp_2016_05_16_123000.jpg,1
canadaojp_2016_05_16_130000.jpg,1
canadaojp_2016_05_16_133000.jpg,1
canadaojp_2016_05_16_140001.jpg,1
canadaojp_2016_05_16_143000.jpg,1
canadaojp_2016_05_16_150001.jpg,1
canadaojp_2016_05_16_153000.jpg,1
canadaojp_2016_05_16_160001.jpg,1
canadaojp_2016_05_16_163000.jpg,1
canadaojp_2016_05_16_170000.jpg,1
canadaojp_2016_05_16_173000.jpg,1
canadaojp_2016_05_16_180000.jpg,1
canadaojp_2016_05_16_183000.jpg,1
canadaojp_2016_05_16_190000.jpg,1
canadaojp_2016_05_16_193000.jpg,1
canadaojp_2016_05_16_200000.jpg,1
canadaojp_2016_05_16_203001.jpg,1
canadaojp_2016_05_16_210000.jpg,1
canadaojp_2016_05_16_213001.jpg,1
canadaojp_2016_05_16_220000.jpg,0
canadaojp_2016_05_16_223001.jpg,0
canadaojp_2016_05_16_230000.jpg,0
canadaojp_2016_05_16_233000.jpg,0
canadaojp_2016_05_17_000000.jpg,0
canadaojp_2016_05_17_003000.jpg,0
canadaojp_2016_05_17_010000.jpg,0
canadaojp_2016_05_17_013000.jpg,0
canadaojp_2016_05_17_020000.jpg,0
canadaojp_2016_05_17_023000.jpg,0
canadaojp_2016_05_17_030001.jpg,0
canadaojp_2016_05_17_033000.jpg,0
canadaojp_2016_05_17_040001.jpg,0
canadaojp_2016_05_17_043000.jpg,1
canadaojp_2016_05_17_050001.jpg,1
canadaojp_2016_05_17_053000.jpg,1
canadaojp_2016_05_17_060000.jpg,1
canadaojp_2016_05_17_063000.jpg,1
canadaojp_2016_05_17_070000.jpg,1
canadaojp_2016_05_17_073000.jpg,1
canadaojp_2016_05_17_080000.jpg,1
canadaojp_2016_05_17_083001.jpg,1
canadaojp_2016_05_17_090000.jpg,1
canadaojp_2016_05_17_093001.jpg,1
canadaojp_2016_05_17_100000.jpg,1
canadaojp_2016_05_17_103001.jpg,1
canadaojp_2016_05_17_110000.jpg,1
canadaojp_2016_05_17_113001.jpg,1
canadaojp_2016_05_17_120000.jpg,1
canadaojp_2016_05_17_123000.jpg,1
canadaojp_2016_05_17_130000.jpg,1
canadaojp_2016_05_17_133000.jpg,1
canadaojp_2016_05_17_140000.jpg,1
canadaojp_2016_05_17_143000.jpg,1
canadaojp_2016_05_17_150001.jpg,1
canadaojp_2016_05_17_153000.jpg,1
canadaojp_2016_05_17_160001.jpg,1
canadaojp_2016_05_17_163000.jpg,1
canadaojp_2016_05_17_170001.jpg,1
canadaojp_2016_05_17_173000.jpg,1
canadaojp_2016_05_17_180000.jpg,1
canadaojp_2016_05_17_183000.jpg,1
canadaojp_2016_05_17_190000.jpg,1
canadaojp_2016_05_17_193000.jpg,1
canadaojp_2016_05_17_200000.jpg,1
canadaojp_2016_05_17_203000.jpg,1
canadaojp_2016_05_17_210000.jpg,1
canadaojp_2016_05_17_213001.jpg,0
canadaojp_2016_05_17_220000.jpg,0
canadaojp_2016_05_17_223001.jpg,0
canadaojp_2016_05_17_230000.jpg,0
canadaojp_2016_05_17_233001.jpg,0
canadaojp_2016_05_18_000000.jpg,0
canadaojp_2016_05_18_003001.jpg,0
canadaojp_2016_05_18_010000.jpg,0
canadaojp_2016_05_18_013000.jpg,0
canadaojp_2016_05_18_020000.jpg,0
canadaojp_2016_05_18_023000.jpg,0
canadaojp_2016_05_18_030000.jpg,0
canadaojp_2016_05_18_033000.jpg,0
canadaojp_2016_05_18_040001.jpg,0
canadaojp_2016_05_18_043000.jpg,1
canadaojp_2016_05_18_050001.jpg,1
canadaojp_2016_05_18_053000.jpg,1
canadaojp_2016_05_18_060001.jpg,1
canadaojp_2016_05_18_063000.jpg,1
canadaojp_2016_05_18_070001.jpg,1
canadaojp_2016_05_18_073000.jpg,1
canadaojp_2016_05_18_080000.jpg,1
canadaojp_2016_05_18_083000.jpg,1
canadaojp_2016_05_18_090000.jpg,1
canadaojp_2016_05_18_093000.jpg,1
canadaojp_2016_05_18_100000.jpg,1
canadaojp_2016_05_18_103001.jpg,1
canadaojp_2016_05_18_110000.jpg,1
canadaojp_2016_05_18_113001.jpg,1
canadaojp_2016_05_18_120000.jpg,1
canadaojp_2016_05_18_123001.jpg,1
canadaojp_2016_05_18_130000.jpg,1
canadaojp_2016_05_18_133001.jpg,1
canadaojp_2016_05_18_140000.jpg,1
canadaojp_2016_05_18_143000.jpg,1
canadaojp_2016_05_18_150000.jpg,1
canadaojp_2016_05_18_153000.jpg,1
canadaojp_2016_05_18_160000.jpg,1
canadaojp_2016_05_18_163000.jpg,1
canadaojp_2016_05_18_170001.jpg,1
canadaojp_2016_05_18_173000.jpg,1
canadaojp_2016_05_18_180001.jpg,1
canadaojp_2016_05_18_183000.jpg,1
canadaojp_2016_05_18_190001.jpg,1
canadaojp_2016_05_18_193000.jpg,1
canadaojp_2016_05_18_200000.jpg,1
canadaojp_2016_05_18_203000.jpg,1
canadaojp_2016_05_18_210000.jpg,1
canadaojp_2016_05_18_213000.jpg,1
canadaojp_2016_05_18_220000.jpg,0
canadaojp_2016_05_18_223000.jpg,0
canadaojp_2016_05_18_230000.jpg,0
canadaojp_2016_05_18_233001.jpg,0
canadaojp_2016_05_19_000000.jpg,0
canadaojp_2016_05_19_003001.jpg,0
canadaojp_2016_05_19_010000.jpg,0
canadaojp_2016_05_19_013001.jpg,0
canadaojp_2016_05_19_020000.jpg,0
canadaojp_2016_05_19_023000.jpg,0
canadaojp_2016_05_19_030000.jpg,0
canadaojp_2016_05_19_033000.jpg,0
canadaojp_2016_05_19_040000.jpg,0
canadaojp_2016_05_19_043000.jpg,1
canadaojp_2016_05_19_050000.jpg,1
canadaojp_2016_05_19_053000.jpg,1
canadaojp_2016_05_19_060001.jpg,1
canadaojp_2016_05_19_063000.jpg,1
canadaojp_2016_05_19_070001.jpg,1
canadaojp_2016_05_19_073000.jpg,1
canadaojp_2016_05_19_080001.jpg,1
canadaojp_2016_05_19_083000.jpg,1
canadaojp_2016_05_19_090000.jpg,1
canadaojp_2016_05_19_093000.jpg,1
canadaojp_2016_05_19_100000.jpg,1
canadaojp_2016_05_19_103000.jpg,1
canadaojp_2016_05_19_110000.jpg,1
canadaojp_2016_05_19_113000.jpg,1
canadaojp_2016_05_19_120000.jpg,1
canadaojp_2016_05_19_123001.jpg,1
canadaojp_2016_05_19_130000.jpg,1
canadaojp_2016_05_19_133001.jpg,1
canadaojp_2016_05_19_140000.jpg,1
canadaojp_2016_05_19_143001.jpg,1
canadaojp_2016_05_19_150000.jpg,1
canadaojp_2016_05_19_153000.jpg,1
canadaojp_2016_05_19_160000.jpg,1
canadaojp_2016_05_19_163000.jpg,1
canadaojp_2016_05_19_170000.jpg,1
canadaojp_2016_05_19_173000.jpg,1
canadaojp_2016_05_19_180000.jpg,1
canadaojp_2016_05_19_183000.jpg,1
canadaojp_2016_05_19_190001.jpg,1
canadaojp_2016_05_19_193000.jpg,1
canadaojp_2016_05_19_200001.jpg,1
canadaojp_2016_05_19_203000.jpg,1
canadaojp_2016_05_19_210001.jpg,1
canadaojp_2016_05_19_213000.jpg,1
canadaojp_2016_05_19_220000.jpg,0
canadaojp_2016_05_19_223000.jpg,0
canadaojp_2016_05_19_230000.jpg,0
canadaojp_2016_05_19_233000.jpg,0
canadaojp_2016_05_20_000000.jpg,0
canadaojp_2016_05_20_003001.jpg,0
canadaojp_2016_05_20_010000.jpg,0
canadaojp_2016_05_20_013001.jpg,0
canadaojp_2016_05_20_020000.jpg,0
canadaojp_2016_05_20_023001.jpg,0
canadaojp_2016_05_20_030000.jpg,0
canadaojp_2016_05_20_033001.jpg,0
canadaojp_2016_05_20_040000.jpg,0
canadaojp_2016_05_20_043000.jpg,1
canadaojp_2016_05_20_050000.jpg,1
canadaojp_2016_05_20_053000.jpg,1
canadaojp_2016_05_20_060000.jpg,1
canadaojp_2016_05_20_063000.jpg,1
canadaojp_2016_05_20_070001.jpg,1
canadaojp_2016_05_20_073000.jpg,1
canadaojp_2016_05_20_080001.jpg,1
canadaojp_2016_05_20_083000.jpg,1
canadaojp_2016_05_20_090001.jpg,1
canadaojp_2016_05_20_093000.jpg,1
canadaojp_2016_05_20_100001.jpg,1
canadaojp_2016_05_20_103000.jpg,1
canadaojp_2016_05_20_110000.jpg,1
canadaojp_2016_05_20_113000.jpg,1
canadaojp_2016_05_20_120000.jpg,1
canadaojp_2016_05_20_123000.jpg,1
canadaojp_2016_05_20_130000.jpg,1
canadaojp_2016_05_20_133001.jpg,1
canadaojp_2016_05_20_140000.jpg,1
canadaojp_2016_05_20_143001.jpg,1
canadaojp_2016_05_20_150000.jpg,1
canadaojp_2016_05_20_153001.jpg,1
canadaojp_2016_05_20_160000.jpg,1
canadaojp_2016_05_20_163001.jpg,1
canadaojp_2016_05_20_170000.jpg,1
canadaojp_2016_05_20_173000.jpg,1
canadaojp_2016_05_20_180000.jpg,1
canadaojp_2016_05_20_183000.jpg,1
canadaojp_2016_05_20_190000.jpg,1
canadaojp_2016_05_20_193000.jpg,1
canadaojp_2016_05_20_200001.jpg,1
canadaojp_2016_05_20_203000.jpg,1
canadaojp_2016_05_20_210001.jpg,1
canadaojp_2016_05_20_213000.jpg,1
canadaojp_2016_05_20_220001.jpg,0
canadaojp_2016_05_20_223000.jpg,0
canadaojp_2016_05_20_230001.jpg,0
canadaojp_2016_05_20_233000.jpg,0
canadaojp_2016_05_21_000000.jpg,0
canadaojp_2016_05_21_003000.jpg,0
canadaojp_2016_05_21_010000.jpg,0
canadaojp_2016_05_21_013000.jpg,0
canadaojp_2016_05_21_020000.jpg,0
canadaojp_2016_05_21_023001.jpg,0
canadaojp_2016_05_21_030000.jpg,0
canadaojp_2016_05_21_033001.jpg,0
canadaojp_2016_05_21_040000.jpg,0
canadaojp_2016_05_21_043001.jpg,1
canadaojp_2016_05_21_050000.jpg,1
canadaojp_2016_05_21_053000.jpg,1
canadaojp_2016_05_21_060000.jpg,1
canadaojp_2016_05_21_063000.jpg,1
canadaojp_2016_05_21_070000.jpg,1
canadaojp_2016_05_21_073000.jpg,1
canadaojp_2016_05_21_080000.jpg,1
canadaojp_2016_05_21_083000.jpg,1
canadaojp_2016_05_21_090001.jpg,1
canadaojp_2016_05_21_093000.jpg,1
canadaojp_2016_05_21_100001.jpg,1
canadaojp_2016_05_21_103000.jpg,1
canadaojp_2016_05_21_110001.jpg,1
canadaojp_2016_05_21_113000.jpg,1
canadaojp_2016_05_21_120000.jpg,1
canadaojp_2016_05_21_123000.jpg,1
canadaojp_2016_05_21_130000.jpg,1
canadaojp_2016_05_21_133000.jpg,1
canadaojp_2016_05_21_140000.jpg,1
canadaojp_2016_05_21_143000.jpg,1
canadaojp_2016_05_21_150000.jpg,1
canadaojp_2016_05_21_153001.jpg,1
canadaojp_2016_05_21_160000.jpg,1
canadaojp_2016_05_21_163001.jpg,1
canadaojp_2016_05_21_170000.jpg,1
canadaojp_2016_05_21_173001.jpg,1
canadaojp_2016_05_21_180000.jpg,1
canadaojp_2016_05_21_183000.jpg,1
canadaojp_2016_05_21_190000.jpg,1
canadaojp_2016_05_21_193000.jpg,1
canadaojp_2016_05_21_200000.jpg,1
canadaojp_2016_05_21_203000.jpg,1
canadaojp_2016_05_21_210000.jpg,1
canadaojp_2016_05_21_213000.jpg,1
canadaojp_2016_05_21_220001.jpg,0
canadaojp_2016_05_21_223000.jpg,0
canadaojp_2016_05_21_230001.jpg,0
canadaojp_2016_05_21_233000.jpg,0
canadaojp_2016_05_22_000001.jpg,0
canadaojp_2016_05_22_003000.jpg,0
canadaojp_2016_05_22_010000.jpg,0
canadaojp_2016_05_22_013000.jpg,0
canadaojp_2016_05_22_020000.jpg,0
canadaojp_2016_05_22_023000.jpg,0
canadaojp_2016_05_22_030000.jpg,0
canadaojp_2016_05_22_033000.jpg,0
canadaojp_2016_05_22_040000.jpg,0
canadaojp_2016_05_22_043001.jpg,1
canadaojp_2016_05_22_050000.jpg,1
canadaojp_2016_05_22_053001.jpg,1
canadaojp_2016_05_22_060000.jpg,1
canadaojp_2016_05_22_063001.jpg,1
canadaojp_2016_05_22_070000.jpg,1
canadaojp_2016_05_22_073000.jpg,1
canadaojp_2016_05_22_080000.jpg,1
canadaojp_2016_05_22_083000.jpg,1
canadaojp_2016_05_22_090000.jpg,1
canadaojp_2016_05_22_093000.jpg,1
canadaojp_2016_05_22_100001.jpg,1
canadaojp_2016_05_22_103000.jpg,1
canadaojp_2016_05_22_110001.jpg,1
canadaojp_2016_05_22_113000.jpg,1
canadaojp_2016_05_22_120001.jpg,1
canadaojp_2016_05_22_123000.jpg,1
canadaojp_2016_05_22_130001.jpg,1
canadaojp_2016_05_22_133000.jpg,1
canadaojp_2016_05_22_140000.jpg,1
canadaojp_2016_05_22_143000.jpg,1
canadaojp_2016_05_22_150000.jpg,1
canadaojp_2016_05_22_153000.jpg,1
canadaojp_2016_05_22_160000.jpg,1
canadaojp_2016_05_22_163001.jpg,1
canadaojp_2016_05_22_170000.jpg,1
canadaojp_2016_05_22_173001.jpg,1
canadaojp_2016_05_22_180000.jpg,1
canadaojp_2016_05_22_183001.jpg,1
canadaojp_2016_05_22_190000.jpg,1
canadaojp_2016_05_22_193001.jpg,1
canadaojp_2016_05_22_200000.jpg,1
canadaojp_2016_05_22_203000.jpg,1
canadaojp_2016_05_22_210000.jpg,1
canadaojp_2016_05_22_213000.jpg,1
canadaojp_2016_05_22_220000.jpg,0
canadaojp_2016_05_22_223000.jpg,0
canadaojp_2016_05_22_230001.jpg,0
canadaojp_2016_05_22_233000.jpg,0
canadaojp_2016_05_23_000001.jpg,0
canadaojp_2016_05_23_003000.jpg,0
canadaojp_2016_05_23_010001.jpg,0
canadaojp_2016_05_23_013000.jpg,0
canadaojp_2016_05_23_020001.jpg,0
canadaojp_2016_05_23_023000.jpg,0
canadaojp_2016_05_23_030000.jpg,0
canadaojp_2016_05_23_033000.jpg,0
canadaojp_2016_05_23_040000.jpg,0
canadaojp_2016_05_23_043000.jpg,1
canadaojp_2016_05_23_050000.jpg,1
canadaojp_2016_05_23_053001.jpg,1
canadaojp_2016_05_23_060000.jpg,1
canadaojp_2016_05_23_063001.jpg,1
canadaojp_2016_05_23_070000.jpg,1
canadaojp_2016_05_23_073001.jpg,1
canadaojp_2016_05_23_080000.jpg,1
canadaojp_2016_05_23_083001.jpg,1
canadaojp_2016_05_23_090000.jpg,1
canadaojp_2016_05_23_093000.jpg,1
canadaojp_2016_05_23_100000.jpg,1
canadaojp_2016_05_23_103000.jpg,1
canadaojp_2016_05_23_110000.jpg,1
canadaojp_2016_05_23_113000.jpg,1
canadaojp_2016_05_23_120001.jpg,1
canadaojp_2016_05_23_123000.jpg,1
canadaojp_2016_05_23_130001.jpg,1
canadaojp_2016_05_23_133000.jpg,1
canadaojp_2016_05_23_140001.jpg,1
canadaojp_2016_05_23_143000.jpg,1
canadaojp_2016_05_23_150001.jpg,1
canadaojp_2016_05_23_153000.jpg,1
canadaojp_2016_05_23_160000.jpg,1
canadaojp_2016_05_23_163000.jpg,1
canadaojp_2016_05_23_170000.jpg,1
canadaojp_2016_05_23_173000.jpg,1
canadaojp_2016_05_23_180000.jpg,1
canadaojp_2016_05_23_183001.jpg,1
canadaojp_2016_05_23_190000.jpg,1
canadaojp_2016_05_23_193001.jpg,1
canadaojp_2016_05_23_200000.jpg,1
canadaojp_2016_05_23_203001.jpg,1
canadaojp_2016_05_23_210000.jpg,1
canadaojp_2016_05_23_213000.jpg,1
canadaojp_2016_05_23_220000.jpg,0
canadaojp_2016_05_23_223000.jpg,0
canadaojp_2016_05_23_230000.jpg,0
canadaojp_2016_05_23_233000.jpg,0
canadaojp_2016_05_24_000000.jpg,0
canadaojp_2016_05_24_003000.jpg,0
canadaojp_2016_05_24_010001.jpg,0
canadaojp_2016_05_24_013000.jpg,0
canadaojp_2016_05_24_020001.jpg,0
canadaojp_2016_05_24_023000.jpg,0
canadaojp_2016_05_24_030001.jpg,0
canadaojp_2016_05_24_033000.jpg,0
canadaojp_2016_05_24_040000.jpg,0
canadaojp_2016_05_24_043000.jpg,1
canadaojp_2016_05_24_050000.jpg,1
canadaojp_2016_05_24_053000.jpg,1
canadaojp_2016_05_24_060000.jpg,1
canadaojp_2016_05_24_063000.jpg,1
canadaojp_2016_05_24_070000.jpg,1
canadaojp_2016_05_24_073001.jpg,1
canadaojp_2016_05_24_080000.jpg,1
canadaojp_2016_05_24_083001.jpg,1
canadaojp_2016_05_24_090000.jpg,1
canadaojp_2016_05_24_093001.jpg,1
canadaojp_2016_05_24_100000.jpg,1
canadaojp_2016_05_24_103000.jpg,1
canadaojp_2016_05_24_110000.jpg,1
canadaojp_2016_05_24_113000.jpg,1
canadaojp_2016_05_24_120000.jpg,1
canadaojp_2016_05_24_123000.jpg,1
canadaojp_2016_05_24_130000.jpg,1
canadaojp_2016_05_24_133000.jpg,1
canadaojp_2016_05_24_140001.jpg,1
canadaojp_2016_05_24_143000.jpg,1
canadaojp_2016_05_24_150001.jpg,1
canadaojp_2016_05_24_153000.jpg,1
canadaojp_2016_05_24_160001.jpg,1
canadaojp_2016_05_24_163000.jpg,1
canadaojp_2016_05_24_170000.jpg,1
canadaojp_2016_05_24_173000.jpg,1
canadaojp_2016_05_24_180000.jpg,1
canadaojp_2016_05_24_183000.jpg,1
canadaojp_2016_05_24_190000.jpg,1
canadaojp_2016_05_24_193000.jpg,1
canadaojp_2016_05_24_200000.jpg,1
canadaojp_2016_05_24_203001.jpg,1
canadaojp_2016_05_24_210000.jpg,1
canadaojp_2016_05_24_213001.jpg,1
canadaojp_2016_05_24_220000.jpg,0
canadaojp_2016_05_24_223001.jpg,0
canadaojp_2016_05_24_230000.jpg,0
canadaojp_2016_05_24_233000.jpg,0
canadaojp_2016_05_25_000000.jpg,0
canadaojp_2016_05_25_003000.jpg,0
canadaojp_2016_05_25_010000.jpg,0
canadaojp_2016_05_25_013000.jpg,0
canadaojp_2016_05_25_020001.jpg,0
canadaojp_2016_05_25_023000.jpg,0
canadaojp_2016_05_25_030001.jpg,0
canadaojp_2016_05_25_033000.jpg,0
canadaojp_2016_05_25_040001.jpg,0
canadaojp_2016_05_25_043000.jpg,1
canadaojp_2016_05_25_050001.jpg,1
canadaojp_2016_05_25_053000.jpg,1
canadaojp_2016_05_25_060000.jpg,1
canadaojp_2016_05_25_063000.jpg,1
canadaojp_2016_05_25_070000.jpg,1
canadaojp_2016_05_25_073000.jpg,1
canadaojp_2016_05_25_080000.jpg,1
canadaojp_2016_05_25_083001.jpg,1
canadaojp_2016_05_25_090000.jpg,1
canadaojp_2016_05_25_093001.jpg,1
canadaojp_2016_05_25_100000.jpg,1
canadaojp_2016_05_25_103001.jpg,1
canadaojp_2016_05_25_110000.jpg,1
canadaojp_2016_05_25_113001.jpg,1
canadaojp_2016_05_25_120000.jpg,1
canadaojp_2016_05_25_123000.jpg,1
canadaojp_2016_05_25_130000.jpg,1
canadaojp_2016_05_25_133000.jpg,1
canadaojp_2016_05_25_140000.jpg,1
canadaojp_2016_05_25_143000.jpg,1
canadaojp_2016_05_25_150001.jpg,1
canadaojp_2016_05_25_153000.jpg,1
canadaojp_2016_05_25_160001.jpg,1
canadaojp_2016_05_25_163000.jpg,1
canadaojp_2016_05_25_170001.jpg,1
canadaojp_2016_05_25_173000.jpg,1
canadaojp_2016_05_25_180001.jpg,1
canadaojp_2016_05_25_183000.jpg,1
canadaojp_2016_05_25_190000.jpg,1
canadaojp_2016_05_25_193000.jpg,1
canadaojp_2016_05_25_200000.jpg,1
canadaojp_2016_05_25_203000.jpg,1
canadaojp_2016_05_25_210000.jpg,1
canadaojp_2016_05_25_213001.jpg,1
canadaojp_2016_05_25_220000.jpg,1
canadaojp_2016_05_25_223001.jpg,0
canadaojp_2016_05_25_230000.jpg,0
canadaojp_2016_05_25_233001.jpg,0
canadaojp_2016_05_26_000000.jpg,0
canadaojp_2016_05_26_003001.jpg,0
canadaojp_2016_05_26_010000.jpg,0
canadaojp_2016_05_26_013000.jpg,0
canadaojp_2016_05_26_020000.jpg,0
canadaojp_2016_05_26_023000.jpg,0
canadaojp_2016_05_26_030000.jpg,0
canadaojp_2016_05_26_033000.jpg,0
canadaojp_2016_05_26_040001.jpg,0
canadaojp_2016_05_26_043000.jpg,1
canadaojp_2016_05_26_050001.jpg,1
canadaojp_2016_05_26_053000.jpg,1
canadaojp_2016_05_26_060001.jpg,1
canadaojp_2016_05_26_063000.jpg,1
canadaojp_2016_05_26_070000.jpg,1
canadaojp_2016_05_26_073000.jpg,1
canadaojp_2016_05_26_080000.jpg,1
canadaojp_2016_05_26_083000.jpg,1
canadaojp_2016_05_26_090000.jpg,1
canadaojp_2016_05_26_093000.jpg,1
canadaojp_2016_05_26_100000.jpg,1
canadaojp_2016_05_26_103001.jpg,1
canadaojp_2016_05_26_110000.jpg,1
canadaojp_2016_05_26_113001.jpg,1
canadaojp_2016_05_26_120000.jpg,1
canadaojp_2016_05_26_123001.jpg,1
canadaojp_2016_05_26_130000.jpg,1
canadaojp_2016_05_26_133000.jpg,1
canadaojp_2016_05_26_140000.jpg,1
canadaojp_2016_05_26_143000.jpg,1
canadaojp_2016_05_26_150000.jpg,1
canadaojp_2016_05_26_153000.jpg,1
canadaojp_2016_05_26_160000.jpg,1
canadaojp_2016_05_26_163000.jpg,1
canadaojp_2016_05_26_170001.jpg,1
canadaojp_2016_05_26_173000.jpg,1
canadaojp_2016_05_26_180001.jpg,1
canadaojp_2016_05_26_183000.jpg,1
canadaojp_2016_05_26_190001.jpg,1
canadaojp_2016_05_26_193000.jpg,1
canadaojp_2016_05_26_200000.jpg,1
canadaojp_2016_05_26_203000.jpg,1
canadaojp_2016_05_26_210000.jpg,1
canadaojp_2016_05_26_213000.jpg,1
canadaojp_2016_05_26_220000.jpg,0
canadaojp_2016_05_26_223000.jpg,0
canadaojp_2016_05_26_230000.jpg,0
canadaojp_2016_05_26_233001.jpg,0
canadaojp_2016_05_27_000000.jpg,0
canadaojp_2016_05_27_003001.jpg,0
canadaojp_2016_05_27_010000.jpg,0
canadaojp_2016_05_27_013001.jpg,0
canadaojp_2016_05_27_020000.jpg,0
canadaojp_2016_05_27_023000.jpg,0
canadaojp_2016_05_27_030000.jpg,0
canadaojp_2016_05_27_033000.jpg,0
canadaojp_2016_05_27_040000.jpg,0
canadaojp_2016_05_27_043000.jpg,1
canadaojp_2016_05_27_050000.jpg,1
canadaojp_2016_05_27_053000.jpg,1
canadaojp_2016_05_27_060001.jpg,1
canadaojp_2016_05_27_063000.jpg,1
canadaojp_2016_05_27_070001.jpg,1
canadaojp_2016_05_27_073000.jpg,1
canadaojp_2016_05_27_080001.jpg,1
canadaojp_2016_05_27_083000.jpg,1
canadaojp_2016_05_27_090000.jpg,1
canadaojp_2016_05_27_093000.jpg,1
canadaojp_2016_05_27_100000.jpg,1
canadaojp_2016_05_27_103000.jpg,1
canadaojp_2016_05_27_110000.jpg,1
canadaojp_2016_05_27_113000.jpg,1
canadaojp_2016_05_27_120000.jpg,1
canadaojp_2016_05_27_123001.jpg,1
canadaojp_2016_05_27_130000.jpg,1
canadaojp_2016_05_27_133001.jpg,1
canadaojp_2016_05_27_140000.jpg,1
canadaojp_2016_05_27_143001.jpg,1
canadaojp_2016_05_27_150000.jpg,1
canadaojp_2016_05_27_153000.jpg,1
canadaojp_2016_05_27_160000.jpg,1
canadaojp_2016_05_27_163000.jpg,1
canadaojp_2016_05_27_170000.jpg,1
canadaojp_2016_05_27_173000.jpg,1
canadaojp_2016_05_27_180001.jpg,1
canadaojp_2016_05_27_183000.jpg,1
canadaojp_2016_05_27_190001.jpg,1
canadaojp_2016_05_27_193000.jpg,1
canadaojp_2016_05_27_200001.jpg,1
canadaojp_2016_05_27_203000.jpg,1
canadaojp_2016_05_27_210001.jpg,1
canadaojp_2016_05_27_213000.jpg,1
canadaojp_2016_05_27_220000.jpg,0
canadaojp_2016_05_27_223000.jpg,0
canadaojp_2016_05_27_230000.jpg,0
canadaojp_2016_05_27_233000.jpg,0
canadaojp_2016_05_28_000000.jpg,0
canadaojp_2016_05_28_003001.jpg,0
canadaojp_2016_05_28_010000.jpg,0
canadaojp_2016_05_28_013001.jpg,0
canadaojp_2016_05_28_020000.jpg,0
canadaojp_2016_05_28_023001.jpg,0
canadaojp_2016_05_28_030000.jpg,0
canadaojp_2016_05_28_033001.jpg,0
canadaojp_2016_05_28_040000.jpg,0
canadaojp_2016_05_28_043000.jpg,1
canadaojp_2016_05_28_050000.jpg,1
canadaojp_2016_05_28_053000.jpg,1
canadaojp_2016_05_28_060000.jpg,1
canadaojp_2016_05_28_063000.jpg,1
canadaojp_2016_05_28_070001.jpg,1
canadaojp_2016_05_28_073000.jpg,1
canadaojp_2016_05_28_080001.jpg,1
canadaojp_2016_05_28_083000.jpg,1
canadaojp_2016_05_28_090001.jpg,1
canadaojp_2016_05_28_093000.jpg,1
canadaojp_2016_05_28_100001.jpg,1
canadaojp_2016_05_28_103000.jpg,1
canadaojp_2016_05_28_110000.jpg,1
canadaojp_2016_05_28_113000.jpg,1
canadaojp_2016_05_28_120000.jpg,1
canadaojp_2016_05_28_123000.jpg,1
canadaojp_2016_05_28_130000.jpg,1
canadaojp_2016_05_28_133001.jpg,1
canadaojp_2016_05_28_140000.jpg,1
canadaojp_2016_05_28_143001.jpg,1
canadaojp_2016_05_28_150000.jpg,1
canadaojp_2016_05_28_153001.jpg,1
canadaojp_2016_05_28_160000.jpg,1
canadaojp_2016_05_28_163001.jpg,1
canadaojp_2016_05_28_170000.jpg,1
canadaojp_2016_05_28_173000.jpg,1
canadaojp_2016_05_28_180000.jpg,1
canadaojp_2016_05_28_183000.jpg,1
canadaojp_2016_05_28_190000.jpg,1
canadaojp_2016_05_28_193000.jpg,1
canadaojp_2016_05_28_200001.jpg,1
canadaojp_2016_05_28_203000.jpg,1
canadaojp_2016_05_28_210001.jpg,1
canadaojp_2016_05_28_213000.jpg,1
canadaojp_2016_05_28_220001.jpg,0
canadaojp_2016_05_28_223000.jpg,0
canadaojp_2016_05_28_230000.jpg,0
canadaojp_2016_05_28_233000.jpg,0
canadaojp_2016_05_29_000000.jpg,0
canadaojp_2016_05_29_003000.jpg,0
canadaojp_2016_05_29_010000.jpg,0
canadaojp_2016_05_29_013000.jpg,0
canadaojp_2016_05_29_020000.jpg,0
canadaojp_2016_05_29_023001.jpg,0
canadaojp_2016_05_29_030000.jpg,0
canadaojp_2016_05_29_033001.jpg,0
canadaojp_2016_05_29_040000.jpg,0
canadaojp_2016_05_29_043001.jpg,1
canadaojp_2016_05_29_050000.jpg,1
canadaojp_2016_05_29_053000.jpg,1
canadaojp_2016_05_29_060000.jpg,1
canadaojp_2016_05_29_063000.jpg,1
canadaojp_2016_05_29_070000.jpg,1
canadaojp_2016_05_29_073000.jpg,1
canadaojp_2016_05_29_080000.jpg,1
canadaojp_2016_05_29_083000.jpg,1
canadaojp_2016_05_29_090001.jpg,1
canadaojp_2016_05_29_093000.jpg,1
canadaojp_2016_05_29_100001.jpg,1
canadaojp_2016_05_29_103000.jpg,1
canadaojp_2016_05_29_110001.jpg,1
canadaojp_2016_05_29_113000.jpg,1
canadaojp_2016_05_29_120000.jpg,1
canadaojp_2016_05_29_123000.jpg,1
canadaojp_2016_05_29_130000.jpg,1
canadaojp_2016_05_29_133000.jpg,1
canadaojp_2016_05_29_140000.jpg,1
canadaojp_2016_05_29_143000.jpg,1
canadaojp_2016_05_29_150000.jpg,1
canadaojp_2016_05_29_153001.jpg,1
canadaojp_2016_05_29_160000.jpg,1
canadaojp_2016_05_29_163001.jpg,1
canadaojp_2016_05_29_170000.jpg,1
canadaojp_2016_05_29_173001.jpg,1
canadaojp_2016_05_29_180000.jpg,1
canadaojp_2016_05_29_183000.jpg,1
canadaojp_2016_05_29_190000.jpg,1
canadaojp_2016_05_29_193000.jpg,1
canadaojp_2016_05_29_200000.jpg,1
canadaojp_2016_05_29_203000.jpg,1
canadaojp_2016_05_29_210000.jpg,1
canadaojp_2016_05_29_213000.jpg,1
canadaojp_2016_05_29_220001.jpg,0
canadaojp_2016_05_29_223000.jpg,0
canadaojp_2016_05_29_230001.jpg,0
canadaojp_2016_05_29_233000.jpg,0
canadaojp_2016_05_30_000001.jpg,0
canadaojp_2016_05_30_003000.jpg,0
canadaojp_2016_05_30_010000.jpg,0
canadaojp_2016_05_30_013000.jpg,0
canadaojp_2016_05_30_020000.jpg,0
canadaojp_2016_05_30_023000.jpg,0
canadaojp_2016_05_30_030000.jpg,0
canadaojp_2016_05_30_033001.jpg,0
canadaojp_2016_05_30_040000.jpg,1
canadaojp_2016_05_30_043001.jpg,1
canadaojp_2016_05_30_050000.jpg,1
canadaojp_2016_05_30_053001.jpg,1
canadaojp_2016_05_30_060000.jpg,1
canadaojp_2016_05_30_063001.jpg,1
canadaojp_2016_05_30_070000.jpg,1
canadaojp_2016_05_30_073000.jpg,1
canadaojp_2016_05_30_080000.jpg,1
canadaojp_2016_05_30_083000.jpg,1
canadaojp_2016_05_30_090000.jpg,1
canadaojp_2016_05_30_093000.jpg,1
canadaojp_2016_05_30_100001.jpg,1
canadaojp_2016_05_30_103000.jpg,1
canadaojp_2016_05_30_110001.jpg,1
canadaojp_2016_05_30_113000.jpg,1
canadaojp_2016_05_30_120001.jpg,1
canadaojp_2016_05_30_123000.jpg,1
canadaojp_2016_05_30_130001.jpg,1
canadaojp_2016_05_30_133000.jpg,1
canadaojp_2016_05_30_140000.jpg,1
canadaojp_2016_05_30_143000.jpg,1
canadaojp_2016_05_30_150000.jpg,1
canadaojp_2016_05_30_153000.jpg,1
canadaojp_2016_05_30_160000.jpg,1
canadaojp_2016_05_30_163001.jpg,1
canadaojp_2016_05_30_170000.jpg,1
canadaojp_2016_05_30_173001.jpg,1
canadaojp_2016_05_30_180000.jpg,1
canadaojp_2016_05_30_183001.jpg,1
canadaojp_2016_05_30_190000.jpg,1
canadaojp_2016_05_30_193001.jpg,1
canadaojp_2016_05_30_200000.jpg,1
canadaojp_2016_05_30_203000.jpg,1
canadaojp_2016_05_30_210000.jpg,1
canadaojp_2016_05_30_213000.jpg,1
canadaojp_2016_05_30_220000.jpg,0
canadaojp_2016_05_30_223000.jpg,0
canadaojp_2016_05_30_230001.jpg,0
canadaojp_2016_05_30_233000.jpg,0
canadaojp_2016_05_31_000001.jpg,0
canadaojp_2016_05_31_003000.jpg,0
canadaojp_2016_05_31_010001.jpg,0
canadaojp_2016_05_31_013000.jpg,0
canadaojp_2016_05_31_020001.jpg,0
canadaojp_2016_05_31_023000.jpg,0
canadaojp_2016_05_31_030000.jpg,0
canadaojp_2016_05_31_033000.jpg,0
canadaojp_2016_05_31_040000.jpg,1
canadaojp_2016_05_31_043000.jpg,1
canadaojp_2016_05_31_050000.jpg,1
canadaojp_2016_05_31_053001.jpg,1
canadaojp_2016_05_31_060000.jpg,1
canadaojp_2016_05_31_063001.jpg,1
canadaojp_2016_05_31_070000.jpg,1
canadaojp_2016_05_31_073001.jpg,1
canadaojp_2016_05_31_080000.jpg,1
canadaojp_2016_05_31_083001.jpg,1
canadaojp_2016_05_31_090000.jpg,1
canadaojp_2016_05_31_093000.jpg,1
canadaojp_2016_05_31_100000.jpg,1
canadaojp_2016_05_31_103000.jpg,1
canadaojp_2016_05_31_110000.jpg,1
canadaojp_2016_05_31_113000.jpg,1
canadaojp_2016_05_31_120001.jpg,1
canadaojp_2016_05_31_123000.jpg,1
canadaojp_2016_05_31_130001.jpg,1
canadaojp_2016_05_31_133000.jpg,1
canadaojp_2016_05_31_140001.jpg,1
canadaojp_2016_05_31_143000.jpg,1
canadaojp_2016_05_31_150000.jpg,1
canadaojp_2016_05_31_153000.jpg,1
canadaojp_2016_05_31_160000.jpg,1
canadaojp_2016_05_31_163000.jpg,1
canadaojp_2016_05_31_170000.jpg,1
canadaojp_2016_05_31_173000.jpg,1
canadaojp_2016_05_31_180000.jpg,1
canadaojp_2016_05_31_183001.jpg,1
canadaojp_2016_05_31_190000.jpg,1
canadaojp_2016_05_31_193001.jpg,1
canadaojp_2016_05_31_200000.jpg,1
canadaojp_2016_05_31_203001.jpg,1
canadaojp_2016_05_31_210000.jpg,1
canadaojp_2016_05_31_213000.jpg,1
canadaojp_2016_05_31_220000.jpg,1
canadaojp_2016_05_31_223000.jpg,0
canadaojp_2016_05_31_230000.jpg,0
canadaojp_2016_05_31_233000.jpg,0
